{
  "RN50": {
    "0.0": 0.41413991316092635,
    "0.25": 0.4153146636485039,
    "0.5": 0.4214513407763498,
    "0.75": 0.44513240608386934,
    "1.0": 0.4727194639077041
  },
  "ViT-L-14": {
    "0.0": 0.37150547592188204,
    "0.25": 0.3553109557073005,
    "0.5": 0.3558158611701097,
    "0.75": 0.39540769924972696,
    "1.0": 0.4242843401816953
  },
  "ViT-H-14": {
    "0.0": 0.34176338498815917,
    "0.25": 0.3231685432714841,
    "0.5": 0.30998239254604837,
    "0.75": 0.3324371364830676,
    "1.0": 0.359340251482714
  },
  "ViT-bigG-14": {
    "0.0": 0.36986039378182906,
    "0.25": 0.3476553058373674,
    "0.5": 0.3279111011009416,
    "0.75": 0.3463046114230079,
    "1.0": 0.3741794318995023
  },
  "SigLIP2-SO400M": {
    "0.0": 0.29917351613486803,
    "0.25": 0.2867889134614038,
    "0.5": 0.2798247098851307,
    "0.75": 0.2837351199478542,
    "1.0": 0.2886039589383222
  }
}